"","Value","Std. Error","t value"
"(Intercept)",-1.65710430473402,0.0165954134310916,-99.8531498847401
"covid",-0.667595352984768,0.00973849732678591,-68.5521934835403
"arr_flights_n",1.2814442436055,0.094588197417165,13.5476124780549
"top30",-0.363602016670316,0.0292599850538298,-12.4265961175782
"jan",-0.21088479232813,0.0224519326457178,-9.39272336398854
"feb",0.410504618082649,0.0251039226647703,16.3522101133116
"mar",-0.291110568879872,0.0170725209524307,-17.0514108426633
"apr",-0.290176475284201,0.0178988298023177,-16.2120361213015
"may",-0.224131617069379,0.016968651865163,-13.208569475665
"jul",0.168792518014662,0.0167732084922691,10.0632218393076
"sep",-0.432904348727725,0.0221952917502025,-19.504332432295
"oct",-0.33777278736889,0.0225594469154763,-14.9725650914416
"extra_tue",0.223808152964296,0.0161402976474474,13.8664204250094
"extra_thu",0.126041308652174,0.0122009852943243,10.3304205038921
"extra_sat",0.243063410072728,0.0165628297402859,14.6752344788961
"ADK",1.61408543341479,0.11335161347081,14.2396335084409
"ATL",-0.821633658039479,0.100093072447607,-8.2086965456032
"ITO",-1.21828698101214,0.0891179061299304,-13.670507240553
"CDB",1.40203406744455,0.134137752891535,10.4521958749245
"EKO",-0.912589879326369,0.0964886306141427,-9.45800425933921
"LIH",-0.819947537574538,0.0891197131792086,-9.20051813817809
"HIB",-0.823968846844835,0.0918663853923768,-8.96920939389882
"BTM",-0.787923066966367,0.0904637217866238,-8.70982368849289
"KOA",-0.70093235877818,0.0891233387189529,-7.8647452940306
"BJI",-0.650721732599219,0.0891268328873653,-7.3010754619944
"OGG",-0.533339934041198,0.0891635177743649,-5.98159367591188
"OTZ",-0.63167608190032,0.0933321124791579,-6.76804655033797
"BQN",0.757328591229892,0.110766317600503,6.83717404022877
"LWS",-0.622857593703384,0.0904633566515454,-6.88519215689244
"PIH",-0.596334862329372,0.0891258090625669,-6.69093350850527
"ELM",-0.569411274570016,0.094871671428649,-6.00191043327679
"ABR",-0.573242984946102,0.0933296978170827,-6.14212837236014
